"listing_id","id","date","reviewer_id","reviewer_name","comments","star_rating"
"37380","3538125","2/14/13","2795891","Josephine","Ann has superb accommodation just  20 mins from the airport. Really comfortable and clean Ann is a really welcoming host. She kindly lent us her sat nav to find our way round Brisbane! Very good breakfast options available too.","4"
"37380","6990881","9/2/13","7761354","Martyn","Arriving from Kuala Lumpur to hear that our family had broken down on the way to meet us, we arrived a little jaded.  Ann could not have been more welcoming and helpful.  The rooms were extremely spacious and comfortable, there was everything you could need and Ann even offered to take us to find somewhere to eat.  
<br/>Next morning she rang round for us to find a hire car and even took us back to the airport to collect it.  What a welcome to Australia.  We would certainly stay there again and hope to need less help another time!  It is only a 10-15 minutes from the airport in a very pleasant suburb,
<br/>We really recommend this to anyone looking for a near-airport base.","3"
"37380","36441688","6/28/15","59689","Tegan","The listing was very accurate, with a lovely clean modern 2 bedroom apartment welcoming us after a long flight. Anne was very accomodating waking up in the middle of the night to let us in and making a beautiful breakfast for us in the morning which was very unexpected. It was perfect for our needs close to the airport and on the way to the sunnty coast. ","4"
"37380","40533406","7/31/15","2002808","Nicole","Very friendly and helpful host! Ann was bringing and picking us even for our outing to the restaurant! Thank you so much! ","4"
"37380","61395278","2/3/16","18004439","Sarah","We had a lovely stay with Ann in Nundah. The apartment was a great size, it had good air conditioning, the pool was a nice extra and the beds were comfortable. We would definitely stay again and recommend to friends. Thanks!","4"
"4609151","281464195","6/24/18","46691487","Louise","Cute little apartment in a great location. Good value for money. Ruby was very responsive. ","4"
"37380","63920678","2/28/16","3954892","Emma","Lovely apartment, very clean and the pool was a bonus!! Communication with Ann was smooth throughout. Very useful location, lovely neighbourhood and close to the airport! ","4"
"37380","75699418","5/22/16","61165550","Sandra","Ann was a lovely host. The apartment is a good size and had everything we needed. The location is very convenient. I would definitely stay there again. ","4"
"11323399","213760093","11/23/17","93966846","Manish","The place was nice but only kitchen appliance had some problems, and it needs to be change. <br/>The rest is fine. <br/>Nice and friendly place","4"
"11323399","214908447","11/26/17","51358096","David","Awesome place that is in a superb location. Great host and highly recommended.","5"
"11323399","215818762","12/1/17","154391904","Glynis","Very central location - with supermarket and restaurants in walking distance. Host was friendly and easy to communicate with.","4"
"11323399","216446639","12/3/17","160280646","Gerald","Great place that is close to everything. Spacious and good amenities. Definitely recommend.","4"
"11323399","218081430","12/11/17","53573888","Ryan","Richards apartment was perfect. Great location, very clean and comfortable beds. Nice big modern space. Thanks!","4"
"11323399","218602258","12/13/17","96931472","Jason","Awesome space, perfect location and setup. Had a great time and will definitely be coming back to this airbnb. Thanks Richard!","4"
"11323399","218963298","12/15/17","4003054","Carli","Richards apartment was centrally located for what we needed to do in Brisbane over 3 days. 15 min to CBD Mall, 15 min to Eat St Market....pretty much 15min to everywhere. He kindly split the beds into 4 singles for us, met us onsite for personal check in and checked up on check out date.   Apartment was adequately stocked amenities wise and had everything we needed. Would stay again!","4"
"11323399","220136165","12/20/17","162629836","Janak","Very nice and handy location","5"
"11323399","221546801","12/26/17","162430355","Peter","The host is very friendly, easy to communicate with and very accommodating with requests. The property we stayed at was very roomy and comfortable. The king size bed we were provided was one of the most comfortable bed I've ever slept in. The place feels very homely. We highly recommend the accommodation and the property manager Richard.","4"
"11323399","223862278","1/2/18","129934840","Paula","Great layout & a bonus having 2 bathrooms.  Very spacious.<br/>Good location with a choice of cafes, restaurants & IGA supermarket close by.<br/>Apartment description is spot on!  Thanks for a great stay, Richard!","4"
"11323399","228246767","1/18/18","3907401","Caitlin","Great spot,  close to cafes and trains. The pool is lovely, the kids really enjoyed it,  and Richard was very helpful.","4"
"11323399","231587286","2/1/18","28347045","Jignesh","Very good location , very nice place n excellent host","5"
"11323399","245339442","3/22/18","110660725","Iris","This place is amazing. Perfect location, close to everything. The apartment is very nice. Its big, and has everything you will need with the two bedrooms, two bathrooms, kitchen and living room in addition to a nice veranda. It is also very comfortable to have access to the pool and fitness room. Richard is very kind and easy to communicate with. I highly recommend the place!!","4"
"11323399","286257367","7/6/18","133518965","Jimmy","It was awesome place to stay","5"
"11323399","290658780","7/15/18","51985899","Beth","Richard‚Äôs place is very comfortable, clean and well located. The kitchen is somewhat basically equipped but quite functional. We also tended to notice the traffic and train noise but maybe we just aren‚Äôt used to city noise. Overall our stay was really good and appreciated Richard‚Äôs place and good communication. Thanks again, Richard.","4"
"11323399","293711904","7/21/18","100330788","Andrew","Richard's place is accurately shown as in the picture. It is also conveniently located, just a stone throw to some amazing restaurants and IGA store as well.<br/>The place is spacious and cosy. And it is also quiet, and we had no problem getting nice sleep.<br/>Really glad to have stayed at Richard's place for the holiday!","4"
"11323399","297435256","7/28/18","48899381","Jam","We loved our stay! We felt very comfortable, safe, and it was very clean. The location was great, too. We just loved every minute of our visit. It‚Äôs definitely been one of our favourite holidays so far, and would definitely recommend it to others! Thank you so much for a wonderful place  Richard!","4"
"11323399","300714133","8/2/18","203418222","Sally","Absolutely lovely, clean and comfortable place to stay, central to an IGA and many eateries.  Loved our stay here.","4"
"11323399","301801407","8/4/18","126722771","Scott","Very clean and quiet apartment that is close to everything you need. Both bedrooms had there own bathrooms which was very handy as we prepared to go to a wedding. Would happily stay again.","4"
"37380","7.306743178552612e+17","10/4/22","459401673","Nigel","Really comfortable, convenient location for North Brisbane . Highly recommend.","4"
"11323399","313689294","8/25/18","54502629","Steve","Richard's unit is in a central location and is easy to find. It is close to public transport, a grocery store and restaurants and bars. The unit was comfortable and had everything we needed for our stay. Richard was very easy to communicate with and a great host. We would definitely stay again.","4"
"11323399","317215304","9/2/18","179711342","Ren√©e","Great place to stay, easy parking. In the valley but not too close to have to listen to the drunks. Very nice hosts who were happy to help but also happy to let me get on with my trip xx","5"
"11323399","323114346","9/15/18","81808482","Chelsea","This is a fantastic apartment. So quiet, private, clean and close to the city. Richard was so accommodating especially when we left something in the unit after check out and we had to call him to let us in again. Would recommend for anyone, especially if needing to be close to RBWH.","3"
"11323399","329878248","9/30/18","29467202","Lily","My family and I arrived in Brisbane very early in the morning and check in wasn't available until 1pm. However, Richard was very accommodating and allowed for us to check in at 9:30am as the apartment was available. His wife met us and showed us around the apartment and the parking garage. They apartment was very clean, comfortable, and had all the amenities we needed. The location was great and very accessible to everything. I would highly recommend staying here.","4"
"11323399","346788728","11/9/18","68286366","John","Great place, modern and comfortable","4"
"37380","83670849","7/3/16","4317200","Penne","Ann was a lovely host, although this is not an entire house listing it was still very comfortable and clean. The area allocated to guests was more than adequate. Ann provided breakfast which was a lovely bonus, we would stay here again.","4"
"37380","92105405","8/7/16","45626307","Sanjukta","We thoroughly enjoyed our stay at Ann's place - she and her husband Barry were very welcoming and helpful. The rooms were well appointed with quality linen and toiletries and furniture.<br/>Breakfast provisions were very generous and of high quality - fruits, bread, milk, tea-coffee, cereals etc where plentiful and also replenished which added bonus value. <br/>The only drawback was that the place is not really a separate apartment but the bottom floor of a 2 storey house. There was no door which we could shut to close off our area so the lack of privacy was an issue. <br/>The other issue was that the kitchen was not well equipped for cooking full meals and especially for families with small kids since there was no plastic cups, plates etc. However, Ann provided us with everything that we needed as soon as we asked - extra crockery and pots and pans.<br/>I would definitely recommend this place to anyone wanting a home-away from home experience in Brisbane's northern suburbs ","3"
"37380","106530273","10/6/16","97829428","Bikki","The host was very welcoming and made us very comfortable.Everything was well organised.Excellent value for money.","4"
"37380","112358935","11/5/16","70303749","Caroline","This flat is nice and breezy, with well-furnished with various quality essentials provided. It was a short but comfortable stay for my parents and I before we headed to the airport early the next morning. Ann was really helpful in giving us directions to nearby amenities as well. I'm glad to have stayed in this lovely place.","4"
"37380","113462978","11/12/16","15153812","Lindsay","This place is super close to the airport and Ann was easy to communicate with. Ann did everything to make out stay pleasant and comfortable.<br/>The place was large, modern and clean with a great pool. Would definitely stay again ","4"
"37380","115769952","11/26/16","101581050","Amanda","We stayed at Ann's place for one night to attend a family party in the same suburb. The apartment is a short cab ride from the airport and we found it to be clean and spacious with fresh bed linen and towels. Our son enjoyed a few dips in the pool. A great selection of healthy breakfast food was provided. Ann was friendly and welcoming on our arrival and departure but otherwise left us to ourselves. I would recommend this apartment to anyone seeking a convenient base to the airport. Thanks Ann.","3"
"37380","126690110","1/13/17","110356059","Sandra","Great place to stay, nice and close to the airport, lovely pool to cool down in after a stinking hot brisbane day!","4"
"37380","139548409","3/25/17","116638276","Nari","Friendly and kind hosts, it is a lovely house only 10 minutes driving to the airport. We enjoyed cooling down from the Brisbane Heat in their pool.","4"
"37380","168687984","7/10/17","129037096","Pascal","Rez de chauss√©e de maison morderne avec toutes les commodit√©s (machine √† laver le linge, seche linge, serviette, grande cuisine...<br/>Le seul regeret est qu'il n'y ait peu de lumiere dans le le bas de la maison alors que le Queensland est tr√©s lumineux. Anne et son mari vie √† l'etage et son tr√©s discret. Ils vous donneront des renseignements si vous en avez besoin et le demandez, sinon vous laisserons tranquille.","3"
"37380","608527151","2/21/20","193291375","Julia","Very nice and beautiful accommodation.<br/>Everything was super clean, big, new furnishings and a own pool.<br/>We had extra dishes for the children, which was very attentive. <br/>We enjoyed our time before the long fly home.<br/>Airport is 10 min away.<br/>We recommend it and would come back anytime :)","4"
"37380","703444492","10/25/20","370935747","Ella","Ann was lovely and welcoming. Very clean space. Would definitely recommend:)","4"
"37380","712929295","12/2/20","22089783","Access","Thank you for been so accommodating for our guests. Communication was fantastic.","4"
"37380","719271022","12/28/20","381636875","Chris","Ann is a great host","5"
"37380","721231291","1/2/21","284331369","Niamh","This is by far the best Air B&b we have ever stayed in. The place was spotlessly clean and well equipped. We enjoyed a nice morning swim in the pool. The house is very conveniently located 10 mins from the airport and 20 mins from the CBD. Ann is an outstanding host who went out of her way to make us feel welcome. The breakfast items, bread, fruit and milk were thoughtful touches and very much appreciated by us. I wouldn't hesitate to stay at Ann's place when I next visit Brisbane.","4"
"37380","738434866","3/12/21","67325758","Jessica","Had a fabulous trip!!! what a contribution to our Personal Development Program Training Trip. <br/>loved the space and feels","4"
"37380","754490654","5/2/21","263103818","Amber","Ann's place was fantastic for our weekend stay in Brisbane. Everything was even better than the photos. Ann was a wonderful host, super friendly and accommodating. Highly recommend and will stay again if in the area!","4"
"37380","759427410","5/17/21","70764827","Daniel","Was perfect","5"
"37380","6.306625214785576e+17","5/19/22","107474491","Alison","Ann was a very welcoming, generous and understanding host.  The apartment was perfectly situated for our needs and provided everything we required for our stay - even including toys for a small child! <br/>Thank you, Ann!","4"
"37380","6.481515155842815e+17","6/13/22","119360433","Sue","Outstanding location for access to airport and motorways.<br/>Ann is an excellent host.  The little ‚Äòextras‚Äô made our stay so comfortable.  Would highly recommend Ann‚Äôs place.","4"
"37380","6.575568550486428e+17","6/26/22","454073502","Samantha","Perfect for families and close to the Entertainment Centre!<br/>As stated in the listing, the AirBnB section is on the first level underneath the main house so it does feel bizarre, but Ann and her husband gave us plenty of space and privacy to make it home for a few days. The TV was not a Smart TV if that is something you're looking for however there is an AppleTV provided and a HDMI cable.<br/>Thanks Ann for making our stay so pleasant :)","4"
"37380","6.684333454356132e+17","7/11/22","101777915","Jason","Ann‚Äôs apartment is clean, tidy and very comfortable. The location is quiet - road noise was faint. Even though the apartment sits below the main house any upstairs noise was infrequent, muffled and dull. We had a 3 night stay, out during the day, back at night and slept very well.<br/>We saw Ann on check in & out but not in between. She was very quick to respond to messages and happy to help out when called on. <br/>Happy to recommend. Would stay againüòÄ","4"
"37380","6.828943831891501e+17","7/31/22","11357128","Anja","Die Wohnung ist sehr sch√∂n und praktisch eingerichtet und bietet alles, was man f√ºr einen Aufenthalt in Brisbane ben√∂tigt. Vielen Dank, liebe Ann!","3"
"37380","6.908316071233252e+17","8/10/22","31942727","David","Ann was super helpful and a great host","4"
"4609151","283930968","7/1/18","93922437","Chris","Very nice studio.  Close to Brisbane CBD - 30 min walk.  Heaps of local cafes.<br/>If you are used to sleeping in the dark, then a sleeping mask is a must.","4"
"4609151","285505179","7/4/18","5328380","Sandy","Thankyou so much for having us! A very cute, very central studio that was everything we needed in Brisbane. Super easy last minute booking, check-in & check-out. Thanks again! :)","4"
"4609151","287995469","7/8/18","61696855","Anita","Absolutely gorgeous little apartment! <br/>Ruby and Anee were gracious hosts and excellent communicators!<br/>I felt so comfortable there and there was not one issue with everything.<br/>The place is done up so well and it was really homey ‚ô•Ô∏è","4"
"4609151","291996768","7/17/18","197816347","Valentina","We had a great time, the place was beautiful, than location is great too and it was really easy to reach the host. We‚Äôd love to come back sometime. Thank you","4"
"4609151","297446669","7/28/18","166915113","Kyra","Great for value. The only thing missing was a microwave. ","4"
"4609151","314541070","8/27/18","91697601","Antonella","Great location, really near to the ferry, bus stop, coles and everything you need. Place was clean and really comfortable, definetely will recomend it ","4"
"4609151","316722955","8/31/18","22518165","Louisa","We had a lovely stay,<br/>It was the perfect location,<br/>Cafe just around the corner,<br/>Thank you!","5"
"4609151","319239602","9/5/18","202913117","Fiona","Ruby and Anee‚Äôs place was Perfect. Thank you","5"
"4609151","320420229","9/8/18","20454639","Rosie","Cute little studio in a gorgeous part of Brisbane. Fab location, excellent communication and a very easy process. Thank you!","4"
"4609151","322330266","9/12/18","7913439","Paula","Such a lovely place! We‚Äôd love to stay in that cute little apartament. It was super clean and stylish. It is really close to the ferry and the neighborhood is great. We‚Äôd love to come back! Thank you Ruby and Anee!","4"
"4609151","323112580","9/15/18","67156601","Jackson","New Farm is such a beautiful part of Brisbane, and Ruby and Anees place truly made the stay a lot more enjoyable. Close to a lot of local shops as well as bikes and transport, clean showers, lots of natural light, quiet and very secure. Perhaps Wi-Fi would have been a bonus.","4"
"4609151","326660318","9/22/18","68974928","Lisette","Great location for a stay in New Farm. Cute little place, perfect for one or two.","4"
"4609151","327972266","9/24/18","62567672","Mary","Fabulous, sweet space in an amazing location x","4"
"4609151","329456811","9/29/18","214174962","Judy","My stay was lovely and Ruby and  Anee were very abliging.. <br/>would go back again as it was in a great area<br/>Judy","4"
"4609151","330707192","10/1/18","103665451","Jankin","Great space. Easy check in. Fast responses by host. Great location.","4"
"4609151","333131716","10/7/18","72784889","Emma","Perfect location! Lovely space. Would stay again.","5"
"4609151","335317903","10/11/18","138699483","Neisivikho","üëå","3"
"4609151","335709773","10/13/18","5260745","James","Really disappointing stay. I came to Brisbane for an exam and expected a certain quality at $130 for the night. Sadly, it was below the standard suspected and I had to book a hotel instead of staying there.","3"
"4609151","338554747","10/20/18","25445023","Ana","Location is perfect! New Farm is a lovely neighborhood, nice cafes around, beautiful park and a short walk away from the ferry. Didn't need my car at all, as you can walk or take the ferry to all main Brisbane attractions. Parking was really easy, right in front of the house, the street is quiet so doesn't seem to ever run out of parking spots, it also feels really safe to walk at night. The place is small and so is the bed, but is lovely, clean and offers everything you would need for a short stay. Would love to be back and totally recommend it. The host was super easy to communicate with, very helpful and caring. It was a lovely stay! Thank you and hope to be back soon :)","4"
"4609151","343536664","11/1/18","172977941","Freddie","This is a lovely little unit in a great location! Very clean and tidy with lovely furnishings. We especially liked the bar/table at the front window. The Sydney Street ferry terminal and city cycle stop is only a 5 min walk away, as is the Merthyr Village shopping complex (Coles, newsagent/chemist/cafes).","4"
"4609151","347174663","11/11/18","37220459","Samuel","Great location.","5"
"4609151","348201739","11/12/18","33444101","Peter","Great room, great location, had everything we needed!","5"
"4609151","349575361","11/17/18","16969097","Freda","Great location. Beautifully clean.  Simple comfortable accommodation. Sellf contained, private entrance.  Close to New Farm Park, public transport and good coffee.","4"
"4609151","350661501","11/19/18","191442670","Rob","Perfect location, close to the ferry, cafes and Brisbane's CBD. Lovely house with nice homely touches.","5"
"4609151","351184434","11/21/18","7642052","Liza","Ruby and Anee‚Äôs place was a delightful little haven not far from the city and Southbank- by ferry.<br/>No TV, which may disappoint some people, but suited me fine.<br/>Lovely shady street location in New Farm and only a block or two to dining and shopping options.","3"
"4609151","352155700","11/24/18","221354864","ÊåØÈ£û","Ruby's house locates in a quiet and beautiful zone which is very close to the wharf. The room is clean & tidy and has everything I needed. It is a enjoyable experience living in Ruby's house.","4"
"4609151","353844098","11/29/18","51797200","Mike","Great hosts and lovely little flat, close to awesome cafe's, shopping centre and bus that gets you to the city in 20 minutes. Great for people holding meetings in the city. Would definitely visit again.","4"
"37380","7.046005934109923e+17","8/29/22","253353328","Allan","Very clean and comfy place and beautifully decorated.","5"
"37380","7.741652996613071e+17","12/3/22","4114814","Alana","Our stay at Ann‚Äôs was perfect. Couldn‚Äôt have asked for anything more. Clean, exactly as per description and Ann and Barry were very welcoming. Would highly recommend as all amenities are amazing.","4"
"37380","8.691644800067657e+17","4/14/23","296431327","Allan","Beautiful home with a wonderful hosts. Thank you for being so kind and accommodating for us and our family.","5"
"37380","9.315209501438662e+17","7/9/23","502247632","John","Pleasant modern apartment with comfortable bed and great shower space both of which are leading criteria for us.  On the corner of a busy street but, as Ann attested, it is relatively quiet at night.  Handy location for us and easy to access.  Thanks Ann.","4"
"37380","9.336200834055313e+17","7/11/23","91914811","Alexandria","Had a lovely visit. We look forward to booking again when we are back in Brisbane. Thank you for having us!","4"
"37380","9.481489556175873e+17","8/1/23","20923696","Sarah","A wonderful experience! My parents were visiting from NZ and thoroughly enjoyed their stay in this modern, beautifully renovated space. Ann was a wonderful host, very communicative and really went the extra mile to ensure a comfortable stay. This will be the go-to place to stay when my parents visit in the future. Thank you, Ann, for your hospitality!","4"
"37380","9.554396987322198e+17","8/11/23","53224973","Chien-Wei","AnnÊòØÂÄãÂæàÊ£íÁöÑÊàøÊù±ÔºåÂ•πÂæàË≤ºÂøÉ„ÄÅÂæàÂèãÂñÑÔºåÊàøÂ≠êÂæàÊ£í„ÄÅÂæà‰πæÊ∑®Ôºå‰ªñÂÄëÂÆåÂÖ®‰∏çÊúÉÊâìÊìæÊàëÂÄëÔºåËÄåÊàëÂÄëÊúâÈúÄË¶ÅÊôÇÂ•πÊúÉÂæàÂø´ÈÄüÁöÑÂõûÊáâ‰∏¶Âπ´Âä©ÊàëÂÄë„ÄÇ","3"
"37380","9.568562907371013e+17","8/13/23","479442419","Emily","Ann was very accommodating and very easy to deal with, place was exactly as described and matches the photos. Super clean. very happy","4"
"37380","1.0082758110911215e+18","10/22/23","45002258","Fiona","Ann‚Äôs place was the perfect stay for us. The place was spacious, clean and thoughtfully set up for weary travelers arriving late. Ann made sure that everything we might need was provided and easy to access. It was a very convenient location for us and our needs, but also close to a wide range of cafes, restaurants and other shops  public transporter to the city was also easy. <br/>Ann was respectful of our privacy and accommodating of our requests. Highly recommended. <br/>Thank you Ann for an enjoyable stay.","4"
"37380","1.0162356121391164e+18","11/2/23","113570017","Jess","Ann & Barry were lovely & really helpful. We stayed there while we did house renovations & it was a home away from home. Very clean & comfortable. Well set-up for our 6 year old, who especially loved the pool! Thanks Ann & Barry","4"
"37380","1.031472045561374e+18","11/23/23","7746418","Thais","We had a lovely time staying at Ann‚Äôs place. <br/>We are a family with two children and Ann had everything we needed from a great location, comfortable beds, fully equipped kitchen to a portable cot and even toys! <br/>The place is very cozy and comfortable and beautifully decorated. We strongly recommend to others!","4"
"37380","1.0379861101162789e+18","12/2/23","1365316","Pauline","Nous avons pass√© un excellent s√©jour, notre vol arrivait t√¥t le matin, nous avons avoir le logement des le matin. Ann nous a accueilli chaleureusement, elle nous a emmen√© au supermarch√© au voiture pour faire nos courses. Il y avait d√©j√† quelques courses de 1 √®re n√©cessit√©. Le logement est parfait, tr√®s propre, on se sent comme chez soit. Au calme, proche du bus pour aller dans Brisbane. La piscine est tr√®s agr√©able. Ann et Barry sont vraiment tr√®s accueillant","5"
"37380","1.053194352298497e+18","12/23/23","173317670","Aimee","Very family friendly and exactly what we needed!","4"
"37380","1.114819522312391e+18","3/17/24","534491624","Maria","Ann was very helpful when we arrived in the middle of the night. She prepared the place nicely incl some breakfast supplies to get us started. She always responded quickly to my messages and was ok for our friends to leave some supplies. <br/>The place is perfect for families of four plus baby, it's spotless clean, there is enough space, laundry facilities and a pool. There is a bus stop next to the house getting you conveniently to the next suburb or into the city. However, it can be quite noisy due to a larger road close by, better use the aircon instead of an open window.","4"
"37380","1.1198894322501992e+18","3/24/24","397741972","Rob","Ann is an excellent host, and generous. There were plenty of supplies at our disposal and the place is beautiful, clean and very well maintained. It was an absolute pleasure to stay there and we don‚Äôt have any reservations about recommending it. Hopefully we will have an opportunity to visit again.","4"
"37380","1.1633631083118684e+18","5/23/24","348852","Trudy","This was my second stay at Ann's House.  The unit is beautifully decorated, immaculate and has all the amenities you need.<br/>Great location, walking distance to public transport, shopping and parks.   Felt completely at home and always safe.  Its a great family friendly neighborhood.<br/>Short drive from the airport which is so nice after a 21 hour flight.<br/>I thought the unit was more spacious than the pictures show.  Good quality linens and extras  ( soap, shampoo etc.)<br/>The kitchen has everything you need to prepare meals.<br/>Ann was flexible with my check in time which was very helpful. <br/>Highly recommend and will definitely stay on my next trip to Brisbane<br/>Thank you Ann","4"
"277913","1117645","4/12/12","1974581","Gang","The place lies in a quiet neighborhood with a large shopping mall nearby. The big house is very tidy and clean. The bedroom we lived is a spacious and cozy one. It is easy to travel to the city or Gold Coast. Jean-marc couple is welcoming and kind. We had a good time living here.","4"
